{
  "mcwwindows:recipes/mosaic_pane/orange_mosaic_glass_pane": {
    "criteria": {
      "has_mosaic_glass": "2024-06-25 04:57:54 +0000"
    },
    "done": true
  },
  "rats:ratlantis/root": {
    "criteria": {
      "tick": "2024-06-25 04:58:54 +0000"
    },
    "done": true
  },
  "mcwwindows:recipes/mosaic_pane/magenta_mosaic_glass_pane": {
    "criteria": {
      "has_mosaic_glass": "2024-06-25 04:57:54 +0000"
    },
    "done": true
  },
  "mcwwindows:recipes/mosaic_pane/light_gray_mosaic_glass_pane": {
    "criteria": {
      "has_mosaic_glass": "2024-06-25 04:57:54 +0000"
    },
    "done": true
  },
  "mcwwindows:recipes/mosaic_pane/pink_mosaic_glass_pane": {
    "criteria": {
      "has_mosaic_glass": "2024-06-25 04:57:54 +0000"
    },
    "done": true
  },
  "mcwwindows:recipes/mosaic_pane/purple_mosaic_glass_pane": {
    "criteria": {
      "has_mosaic_glass": "2024-06-25 04:57:54 +0000"
    },
    "done": true
  },
  "tconstruct:tools/materials_and_you": {
    "criteria": {
      "crafted_book": "2024-06-25 04:57:54 +0000"
    },
    "done": true
  },
  "mcwwindows:recipes/mosaic_pane/light_blue_mosaic_glass_pane": {
    "criteria": {
      "has_mosaic_glass": "2024-06-25 04:57:54 +0000"
    },
    "done": true
  },
  "astralsorcery:root": {
    "criteria": {
      "astralsorcery_present": "2024-06-25 04:58:54 +0000"
    },
    "done": true
  },
  "mcwwindows:recipes/mosaic_pane/lime_mosaic_glass_pane": {
    "criteria": {
      "has_mosaic_glass": "2024-06-25 04:57:54 +0000"
    },
    "done": true
  },
  "mcwwindows:recipes/mosaic_pane/cyan_mosaic_glass_pane": {
    "criteria": {
      "has_mosaic_glass": "2024-06-25 04:57:54 +0000"
    },
    "done": true
  },
  "mcwwindows:recipes/mosaic_pane/red_mosaic_glass_pane": {
    "criteria": {
      "has_mosaic_glass": "2024-06-25 04:57:54 +0000"
    },
    "done": true
  },
  "mcwwindows:recipes/mosaic_pane/white_mosaic_glass_pane": {
    "criteria": {
      "has_mosaic_glass": "2024-06-25 04:57:54 +0000"
    },
    "done": true
  },
  "mcwwindows:recipes/mosaic_pane/gray_mosaic_glass_pane": {
    "criteria": {
      "has_mosaic_glass": "2024-06-25 04:57:54 +0000"
    },
    "done": true
  },
  "minecraft:adventure/adventuring_time": {
    "criteria": {
      "minecraft:plains": "2024-06-25 04:57:55 +0000"
    },
    "done": false
  },
  "create:root": {
    "criteria": {
      "0": "2024-06-25 04:57:54 +0000"
    },
    "done": true
  },
  "mcwwindows:recipes/mosaic_pane/yellow_mosaic_glass_pane": {
    "criteria": {
      "has_mosaic_glass": "2024-06-25 04:57:54 +0000"
    },
    "done": true
  },
  "mcwwindows:recipes/mosaic_pane/brown_mosaic_glass_pane": {
    "criteria": {
      "has_mosaic_glass": "2024-06-25 04:57:54 +0000"
    },
    "done": true
  },
  "rats:rats/root": {
    "criteria": {
      "tick": "2024-06-25 04:58:54 +0000"
    },
    "done": true
  },
  "integrateddynamics:root": {
    "criteria": {
      "criteria_0": "2024-06-25 04:59:15 +0000"
    },
    "done": true
  },
  "mcwwindows:recipes/mosaic_pane/blue_mosaic_glass_pane": {
    "criteria": {
      "has_mosaic_glass": "2024-06-25 04:57:54 +0000"
    },
    "done": true
  },
  "undergarden:undergarden/root": {
    "criteria": {
      "tick": "2024-06-25 04:58:54 +0000"
    },
    "done": true
  },
  "mcwwindows:recipes/mosaic_pane/black_mosaic_glass_pane": {
    "criteria": {
      "has_mosaic_glass": "2024-06-25 04:57:54 +0000"
    },
    "done": true
  },
  "mcwwindows:recipes/mosaic_pane/green_mosaic_glass_pane": {
    "criteria": {
      "has_mosaic_glass": "2024-06-25 04:57:54 +0000"
    },
    "done": true
  },
  "statues:root": {
    "criteria": {
      "core": "2024-06-25 04:57:55 +0000"
    },
    "done": true
  },
  "DataVersion": 2586
}